Name,Country,Sector,Company
Abilio Diniz,Brasil,Alimentos y Bebidas,Carrefour
Aby Lijtszain,México,Transporte,Grupo Traxión
Adolfo Orive,México,Alimentos y bebidas,Tetrapak
Adrian Neuhauser,Chile,Aerolíneas,Avianca
Adriana Barbosa,Brasil,CSO,Feira Preta
Adriana Macouzet,México,Manufactura,PPG Latam
Adriana Noreña,Colombia,Tecnología,Google
Adrián Sada,México,Manufactura,Vitro
Agnes Suárez,Puerto Rico,Finanzas,AIG
Agustín Carstens,México,Finanzas,BIS
Agustín Coppel Luken,México,Comercio,Grupo Coppel
Ailton Krenak,Brasil,CSO,Núcleo de Cultura Indígena
Alberto de la Fuente,México,Energía,Shell
Alejandro Baillères Gual,México,Holding,Grupo Bal
Alejandro Ramírez,México,Medios y entretenimiento,Cinépolis
Alejandro Santo Domingo,Colombia,Holding,Valorem
Alejandro y Marcos Bulgheroni,Argentina,Energía,Pan American Energy
Alexandra Loboda,México,Transporte,Maersk
Alexandre Birman,Brasil,Commerce,Arezzo
Alexandre Borba Chiqueta,Brasil,Medios y Entretenimiento,GaulesTV
Alfredo Chedraui,México,Comercio,Grupo Chedraui
Alfredo Egydio Setubal,Brasil,Holding,Itaúsa
Alfredo Harp Helú,México,Holding,"Grupo Martí, Interceramic"
Aline Pellegrino,Brasil,Deportes,Selección de Brasil
Allan Apoj Pascal y David Poritz,México,Fintech,Covalto
Alok,Brasil,Medios y Entretenimiento,WAAW
Ana Claudia Cerasoli,México,Agronegocios,Corteva
Ana Karina Bortoni Dias,Brasil,Finanzas,BMG
Ana López Mestre,México,Lobby,AmCham
Ana Maria Brescia Cafferata,Perú,Holding,Grupo Breca
Ana Sofía Sánchez,México,Tecnología,Waze
Ana Sofía y Martha Tarbay,Venezuela,Manufactura,Tarbay
Andrea Roth,Uruguay,Comercio,Unión de Exportadores del Uruguay
Andrea Schwarz,Brasil,CSO,iigual
André El-Mann,México,Bienes Raíces,Fibra Uno
André Esteves,Brasil,Finanzas/Eduación,BTG Pactual/Inteli
Andrés Carrillo,Colombia,Energía,EPM
Andrés Fajardo,Colombia,Cannabis,Clever Leaves
Andrés Simón González-Silen,Venezuela,Salud,Asistensi Global Insurance Inc.
Angel Losada,México,Comercio,Grupo Gigante
Angel Sahagún,México,Fintech,Albo
Angélica Fuentes,México,Finanzas,Muvop
Angélica Ruiz,México,Energía,BP
Anitta,Brasil,Medios y Entretenimiento,Anitta
Anna Carolina Bassi,Brasil,Comercio,Carol Bassi
Antonio Carrere,Brasil,Agronegocios,John Deere
Antonio Filosa,Brasil,Automotriz,Stellantis
Antonio Vierci,Paraguay,Holding,Grupo Vierci
Antonio del Valle Ruiz y Antonio del Valle Perochena,México,"Holding, Lobby",Grupo Kaluz y CMN
Armando Garza Sada,México,Manufactura,Alfa
Aron Schwarzkopf,Ecuador,Fintech,Kushki
Arturo Calle,Colombia,Textil,Arturo Calle
Bad Bunny,Puerto Rico,Medios y Entretenimiento,Artista
Beatriz Fernández,Colombia,Alimentos,Crepes & Waffles
Bela Gil,Brasil,Gastronomía,Camélia Ódódó
Benjamin Steinbruch,Brasil,Minería y Metales,CSN/CSN Mineração
Bernardo Romero González,Cuba,E-commerce,Cuba Emprende
Bianca Andrade,Brasil,Cosméticos,Boca Rosa Beauty
Bianca Sassoon,Argentina,Inversionista,17Sigma
Bizarrap,Argentina,Medios y Entretenimiento,Varios
Blanca Juti,México,Cosméticos,L'Oreal
Bruna Marquezine,Brasil,Medios y Entretenimiento,Netflix
Bruna Tavares,Brasil,Cosméticos,Linha Bruna Tavares
Bruno Campos Garfinkel,Brasil,Finanzas,Porto Seguro
Bruno Riga,México,Energía,Enel
Bárbara Garza Suess,México,Fintech,
Bárbara González,México,Fintech,Bitso
Camila Coutinho,Brasil,Medios y Entretenimiento,Garotas Estúpidas
Camila Escobar,Colombia,Alimentos,Juan Valdez
Camila Jordan,Brasil,CSO,Teto
Camilo Atala,Honduras,Finanzas,Banco Ficohsa
Carina Daher,Paraguay,Lobby,Cámara de Empresas Maquiladoras del Paraguay
Carla Medina,México,Energía,Asolmex
Carlo Solari,Chile,Comercio,Falabella
Carlos Alberto Sicupira,Brasil,Alimentos y Bebidas,3G/AB InBev
Carlos Augusto Piani,Brasil,Energía,Equatorial
Carlos Enrique Mata y Luis Miguel Castillo,Guatemala,Alimentos y bebidas,CBC
Carlos Felipe Jaramillo,Colombia,Finanzas,Banco Mundial
Carlos Fernández González,México,"Finanzas, Alimentos y Bebidas",Grupo Finaccess y AmRest
Carlos Gilberto Carlotti Junior,Brasil,Educación,USP
Carlos González Zabalegui,México,Comercio,La Comer
Carlos Guayara,Colombia,Fintech,Trii
Carlos Hank González,México,Finanzas,Banorte
Carlos Ignacio Gallego,Colombia,Alimentos,Grupo Nutresa
Carlos José Martí,República Dominicana,Holding,Grupo Martí
Carlos Lecueder,Uruguay,Comercio,WTC
Carlos Mario Giraldo,Colombia,Comercio,Éxito
Carlos Miguel Pérez,Cuba,Tecnología,Dofleini
Carlos Miguens Bemberg,Argentina,Holding,M.B. Holdings
Carlos Raúl Espínola,Paraguay,Finanzas,Banco Continental
Carlos Rodríguez-Pastor,Perú,Finanzas,Intergroup Financial Services (IFS)
Carlos Slim,México,Holding,"Carso, América Móvil"
Carlos Zenteno,Colombia,Telecomunicaciones,Claro
Carolina Jannicelli,EEUU,Finanzas,JP Morgan
Casimiro Miguel Vieira da Silva Ferreira,Brasil,Medios y Entretenimiento,Canais Casimiro
Cedric Burel,Brasil,Deportes,Decathlon
Chang Zhongjiao y Lyu Shirong,Brasil,Energía,State Grid Brazil Holding
Cintya Añaños Alcazar,Perú,Alimentos,ISM Perú
Claudia Bejarano,Colombia,Minería,Cerrejón
Claudia Elizabeth Márquez Medina,México,Industria Química,Draslovka
Claudia Jañez,México,Consejera,Varias Empresas
Claudia Márquez,México,Automotriz,Genesis Motor
Claudia Romo Edelman,EEUU,OSC,We're All Human Foundation
Claudia Woods,Brasil,Proptech,WeWork
Claudio Pracownik,Brasil,Deportes,Win the Game
Claudio Rodríguez Huaco,Perú,Holding,José Rodriguez Banda SA (Grupo Gloria)
Claudio Zaffari,Brasil,Comercio,Zaffari
Connie Beneitez de Paiz,Guatemala,Alimentos y Bebidas,Panifresh
Constanza Losada,México,Salud,Pfizer
Corrine Ricard,Brasil,Agronegocios,Mosaic Fertilizantes
Cristiano Teixeira,Brasil,Industria Forestal y del Papel,Klabin
Cristina Betts,Brasil,Bienes Raíces,Iguatemi
Cristina Cacho,México,Fintech,Clara
Cristina Junqueira,Brasil,Fintech,Nubank
Cristina Palmaka,Brasil,Tecnología,SAP
Damián Scokin,Argentina,Tecnología,Despegar
Daniel Becker,México,Finanzas,"Mifel, ABM"
Daniel Bonifaz y Paulo Valdiviezo,Perú,Fintech,Kambista
Daniel Funes de Rioja,Argentina,Lobby,Unión Industrial Argentina
Daniel Mangabeira,Brasil,Finanzas,Binance
Daniel Rodríguez,México,Alimentos y Bebidas,FEMSA
Daniel Servitje Montull,México,Alimentos y Bebidas,Bimbo
Daniel Vila y José Luis Manzano,Argentina,Holding,Grupo América / Edenor
Daniel Werthein,Argentina,Holding,Grupo Werthein
Daniella Marques,Brasil,Finanzas,Caixa
Danielle Torres,Brasil,Consultoría,KPMG
David Arana Ley,México,Fintech,Konfío
David Martínez Guzmán,México,Finanzas,Fintech Advisory
David Neeleman,Brasil,Aerolíneas,Azul
David Vélez,Colombia,Finanzas,Nubank
Deusmar Queirós,Brasil,Comercio,Pague Menos
Diego Olcese,Perú,Edtech,Crehana
Diego Serebrisky y Rogelio de los Santos,México,Inversionistas,Dalus Capital
Dominique Oliver,Brasil,E-commerce,Amaro
Dulce Pugliese de Godoy Bueno,Brasil,Salud,Amil
Décio da Silva,Brasil,Manufactura,WEG
Edgard Corona,Brasil,Gimnasio,Smartfit
Edgardo Osorio,Colombia,Manufactura,Aquazurra
Edson Franco,Brasil,Finanzas,Zurich
Edu Lyra,Brasil,CSO,Gerando Falcões
Eduardo Costantini,Argentina,Holding,Consultatio Asset Management y Consultatio Real Estate
Eduardo Eurnekian,Argentina,Holding,Corporación América
Eduardo Guilisasti Gana,Chile,Alimentos,Concha y Toro
Eduardo Hochschild Beeck,Perú,Minería,Hochschild Minería
Eduardo Logemann,Brasil,Agronegocios,SLC Agrícola
Eduardo Navarro,Chile,Energía,Empresas Copec
Eduardo Osuna,México,Finanzas,BBVA
Eduardo Saverin,Brasil,Finanzas,Facebook
Eduardo Sergio Elsztain,Argentina,Bienes Raíces,IRSA
Eduardo Tricio Haro,México,Alimentos y bebidas,Grupo Lala
Eduardo de Salles Bartolomeo,Brasil,Minería y Metales,Vale
Eduardo della Maggiora,Chile,Salud,Betterfly
Elie Horn,Brasil,Bienes Raíces,Cyrela
Elisabeta Zenatti,Brasil,Tecnología,Netflix
Emilio Azcárraga Jean,México,Medios y entretenimiento,Televisa
Emily Ewell y Maria Eduarda Camargo,Brasil,Comercio,Pantys
Enrique Alba,México,Energía,Iberdrola
Enrique Beltranena,México,Aerolíneas,Volaris
Enrique Eskenazi,Argentina,Holding,Grupo Petersen
Enrique Lores,EEUU,Tecnología,HP
Enrique Zambrano,México,Holding,Proeza
Ernesto Fajardo Pinto,Colombia,Alimentos,Alpina
Estevan Sartoreli,Brasil,Alimentos y Bebidas,Dengo
Esther Aguilera,EEUU,Lobby,LCDA
Eugenio López Alonso,México,Alimentos y Bebidas,Grupo Jumex
Evelyn Vilchez,México,Energía,Chevron
Fabio Adegas Faccio,Brasil,Comercio,Lojas Renner
Fabio Barbosa,Brasil,Cosméticos,Natura &Co
Fabio Coelho,Brasil,Tecnología,Google Brasil
Fabián Kon,Argentina,Finanzas,Grupo Financiero Galicia
Fabricio Bloisi,Brasil,Foodtech,iFood
Familia Botrán,Guatemala,Alimentos y Bebidas,Casa Botrán
Familia Brugal,República Dominicana,Alimentos y bebidas,Casa Brugal
Familia Torrado,México,Alimentos y bebidas,Alsea
Fatima Pissarra,Brasil,Medios y Entretenimiento,Mynd
Fausto de Andrade Ribeiro,Brasil,Finanzas,BB
Federico Terrazas Becerra,México,Construcción,GCC
Federico Trucco,Argentina,Agronegocios,Bioceres
Felipe Bayón,Colombia,Energía,Ecopetrol
Felipe Cabrales,Colombia,Media,Grupo Prisa
Felipe Feistler,Brasil,E-Commerce,Shein
Felipe Piringer,Brasil,E-commerce,Shopee
Felipe Vicini Lluberes,República Dominicana,Finanzas,Inicia
Felipe Vilá,México,Inversionista,Fondo de Fondos
Fernando Chico Pardo,México,Aeropuertos,Asur
Fiamma Zarife,Brasil,Tecnología,Twitter
Fidel Egas,Ecuador,Finanzas,Grupo Pichincha
Fira,Colombia,Cripto,Artista NFT
Flávio Rocha,Brasil,Guararapes,Riachuelo
Francis Durman,Costa Rica,Alimentos y bebidas,Grupo Montecristo
Francisco Gomes Neto,Brasil,Manufactura,Embraer
Francisco Ivens de Sá Dias Branco Júnior,Brasil,Alimentos y Bebidas,M.Dias Branco
Francisco Pérez Mackenna,Chile,Holding,Quiñenco
Francisco Robinson Bours,México,"Alimentos y Bebidas, Comunicaciones",Bachoco y Megacable
Frank Elías Rainieri Kuret,República Dominicana,Holding,Grupo Puntacana
Freddy Vega y Christian Van der Henst,Colombia,Edtech,Platzi
Gabriel Medina,Brasil,Fintech,Kauai
Gabriel Portella Fagundes Filho,Brasil,Finanzas,SulAmérica
Gabriela Prioli,Brasil,Medios y Entretenimiento,CNN Brasil
Gabriela Soni,México,Finanzas,UBS
Gala Díaz Langou,Argentina,Think Tank,CIPPEC
Germán Larrea,México,Holding,Grupo México
Gianfranco Ferrari,Perú,Finanzas,Credicorp
Gilberto Mautner,Brasil,Tecnología,Locaweb
Gilberto Tomazoni,Brasil,Alimentos y Bebidas,JBS
Gilson Finkelsztain,Brasil,Finanzas,B3
Gina Diez Barroso,México,Educación,Dalia Empower
Gina Gotthilf,Brasil,Tecnología,Latitud
Gonzalo Pérez,Colombia,Finanzas,Grupo Sura
Gregorio Pérez Companc,Argentina,Holding,Grupo Pérez Companc
Guadalupe Phillips,México,Construcción,ICA
Guibert Englebienne,Argentina,Tecnología,Globant / Endeavor Argentina
Guilherme Benchimol,Brasil,Finanzas,XP
Guilherme Horn,Brasil,Tecnología,WhatsApp
Guillermo Bueso,Honduras,Finanzas,Banco Atlántida
Guillermo Castillo Villacorta,Guatemala,Alimentos y bebidas,Cervecería Centro Americana
Guillermo Ochoa,México,Deportes,Futbolista
Gustavo Salinas,Argentina,Automotriz,Toyota
Gustavo Werneck,Brasil,Minería y Metales,Gerdau
Harold Eder,Colombia,Alimentos,Manuelita
Heike Paulmann,Chile,Comercio,Cencosud
Helena Caldeira,Brasil,Finanzas,Banco Inter
Henrique Dubugras y Pedro Franceschi,Brasil,Fintech,Brex
Henry A. Fernández,EEUU,Finanzas,MSCI
Hugo Rodrigues,Brasil,Medios y Entretenimiento,WMcCann
Hugo Sigman,Argentina,Salud,Grupo Insud
Héctor Hernández-Pons,México,Alimentos y bebidas,Grupo Herdez
Héctor Magnetto,Argentina,Medios y Entretenimiento,Grupo Clarín
Héctor Rizek,República Dominicana,Alimentos y bebidas,Rizek Cacao
Igão y Mítico,Brasil,Medios y Entretenimiento,Podpah
Ileana Musa,EEUU,Finanzas,Morgan Stanley
Ileana Rojas,Costa Rica,Tecnología,Intel
Indira Kempis,México,Servicio público,Senadora
Isabel Noboa,Ecuador,Holding,Nobis Holding de Inversiones
Isela Costantini,Argentina,Finanzas,Grupo Financiero GST
Ivonne Cuello,Colombia,Finanzas,LAVCA
Iván Arriagada,Chile,Minería,Antofagasta
Izabel Cristina Andriotti,Brasil,Servicios,Ambipar
Jaime Zunzunegui,México,Inversionista,Nazca Capital
Jaime y Gabriel Gilinski,Colombia,Finanzas y medios de comunicación,Grupo Gilinski
Jairo Corrales,Colombia,Inversionista,PEI Asset Management
James Eduardo Bellini,Brasil,Automotriz,Marcopolo
Janine Belmont,Perú,Comésticos,Yanbal International
Javier Arroyo Chávez,México,Comercio,Farmacias Guadalajara
Jean Jereissati,Brasil,Alimentos y Bebidas,Ambev
Jeane Tsutsui,Brasil,Salud,Fleury
"Jerónimo y Tomás Uribe, Santiago García y Rodrigo Sánchez-Ríos",Colombia,Proptech,La Haus
Jessica Alba,EEUU,Beauty,The Honest Company
Jesús Canahuati,Honduras,Manufactura,Grupo Elcatex
Joice y Gabriel Sens,Brasil,Comercio,Live!
Jonathan Davis,México,Inversionista,Macquarie México
Jorge Brito,Argentina,Holding,Banco Macro
Jorge Freitas,Brasil,Tecnología,Intelbras
Jorge Humberto Santos Reyna,México,Alimentos y bebidas,Arca Continental
Jorge López Lafuente,Bolivia,Tecnología,JalaSoft
Jorge Mandilego,Cuba,Emprendimiento,Cuba Emprende
Jorge Mario Velásquez,Colombia,Infraestructura,Grupo Argos
Jorge Moll Filho,Brasil,Salud,Rede D'Or
Jorge Paulo Lemann,Brasil,Alimentos y Bebidas,3G/AB InBev
Jorge Pérez,EEUU,Bienes Raíces,The Related Group
José Auriemo Neto,Brasil,Bienes Raíces,JHSF
José Ignacio Escobar,Chile,Energía,Colbún
João Adibe,Brasil,Farmacéutica,Cimed
João Marques da Cruz,Brasil,Energía,EDP
João Roberto Marinho,Brasil,Medios y Entretenimiento,Globo
Juan Carlos Escotet,Venezuela,Finanzas,Banesco Banco Universal C.A.
Juan Carlos Mora,Colombia,Finanzas,Bancolombia
Juan Francisco Beckmann Vidal,México,Bebidas y Alimentos,José Cuervo
Juan Gallardo Thurlow,México,Alimentos y bebidas,Organización Cultiba
Juan José Gutiérrez y Juan Luis Bosch,Guatemala,Manufactura e Inversiones,CMI Alimentos y Capital
Juan Patricio Riveroll,México,Lobby,AMIS
Juan R. Luciano,EEUU,Agronegocios,ADM
Juan Raúl Vélez,Colombia,Manufactura,Vélez
Juan Ricardo Ortega,Colombia,Energía,Grupo de Energía de Bogotá
Juana Barceló,República Dominicana,Minería,Barrick Pueblo Viejo
Juliana Cury,Brasil,Alimentos y Bebidas,Burger King Brasil
Justin Vélez-Hagan,Puerto Rico,Lobby,Cámara de Comercio de Puerto Rico
Karen Flores Arrendondo,México,Lobby,Cámara Minera
Karen Santos,Brasil,Tecnología,UX para Minas Pretas
Karine Oliveira,Brasil,TechEd,Wakanda Educação
Katia Barros,Brasil,Comercio,FARM
Kim Farrell,Brasil,Tecnología,TikTok
Laura Barnator,Argentina,Comercio,Unilever
Laura Diez Barroso,México,Finanzas,Santander México
Leon Falic,Panamá,Comercio,Ueta Inc
Leonel Andrade,Brasil,Viajes,CVC Corp
Leonor Espinosa,Colombia,Alimentos,Leococina
Liliana Restrepo,Colombia,Alimentos,Frisby
Liliana Reyes,México,Lobby,Amexcap
Lionel Messi,Argentina,Deportes,Futbolista
Lorenzo Mendoza,Venezuela,Alimentos,Grupo Polar
Loypa Izaguirre,Cuba,Emprendedora,Color Café
Luanna Toniolo Domakoski,Brasil,E-commerce,Troc
Luciane Ribeiro,Brasil,Finanzas,3V Capital
Lucy Valenti,Nicaragua,Viajes,Empresaria de Turismo
Luis Carlos Sarmiento Angulo,Colombia,Finanzas,Grupo Aval
Luis Enrique Yarur,Chile,Finanzas,BCI
Luis Javier Castro,Costa Rica,Finanzas,Mesoamérica
Luis Justo,Brasil,Medios y Entretenimiento,Rock in Rio
Luis Madrazo Lajous,México,Fintech,Ualá
Luis Merchán,Colombia,Cannabis,Flora Growth
Luis Pagani,Argentina,Alimentos y Bebidas,Arcor
Luis Stuhlberger,Brasil,Finanzas,Verde Asset
Luis Von Ahn,Guatemala,Tecnología Educativa,Duolingo
Luiz Barsi Filho,Brasil,Finanzas,Investor
Luiz Frias,Brasil,Medios y Entretenimiento,Grupo Folha
Luiz Schwarcz,Brasil,Medios y Entretenimiento,Companhia das Letras
Luiza Trajano,Brasil,Comercio,Magalu
Luz Adriana Ramírez,México,Finanzas,Visa
Luz Elena Jurado,México,Automotriz,Volvo
Luz María Correa,Colombia,Construcción,El Cóndor
Luz María Gutiérrez,México,Energía,G500
Magdalena López,México,Automotriz,Renault
Maju Coutinho,Brasil,Medios y Entretenimiento,Globo
Maluma,Colombia,Inversor,Inversor
Mano Brown,Brasil,Medios y Entretenimiento,Mano Brown
Manuel G. Rivero,México,Finanzas,BanRegio
Marcel Herrmann Telles,Brasil,Alimentos y Bebidas,3G/Ab Inbev
Marcela Ceribelli,Brasil,Medios y Entretenimiento,Obvious
Marcela Vaca,Colombia,Energía,GeoPark
Marcelo Braga,Brasil,Tecnología,IBM
Marcelo Claure,Bolivia,Inversionista,Claure Group
Marcelo Figueiras,Argentina,Salud,Richmond
Marcelo Kalim,Brasil,Finanzas,C6 Bank
Marcelo Mindlin,Argentina,Energía,Pampa Energía
Marcilio D’Amico Pousada,Brasil,Comercio,Raia Drogasil
Marco Antônio Cassou,Brasil,Transporte,Ecorodovias
Marcos Galperin,Argentina,Tecnología,MercadoLibre
Marcos Leta,Brasil,Agtech,Fazenda Futuro
Marcos Lisboa,Brasil,Educación,Insper
Marcos Lutz,Brasil,Petróleo y Gas,Ultrapar
Marcos Molina,Brasil,Alimentos y Bebidas,Marfrig
Maria Fuentes,Brasil,Fintech,Pride Bank
Mariana Dias,Brasil,Tecnología,Gupy
Maricarmen Suárez Cué,México,Finanzas,Bx+
Marie Djordjian,México,Energía,Total
Marina Willisch,Brasil,Automotriz,GM
Marino Colpo,Brasil,Agronegocios,Boa Safra
Mario Leão,Brasil,Finanzas,Santander
Mario Simán,El Salvador,Retail,Grupo Unicomer
Marlene Garayzar Gómez,México,Fintech,Stori
Marliz Mejía,México,Finanzas,Deutsche Securities
Marta Díez,Brasil,Farmacéutica,Pfizer
Marta Elisa Deus Rodríguez,Cuba,Medios y Entretenimiento,Negolution Magazine
Marta Sanchez,Colombia,Energía,Schneider Electric
Martín Migoya,Argentina,Tecnología,Globant
María Artunduaga,Colombia,Salud,Respira Labs
María Asunción Aramburuzabala,México,Inversionista,Tresalia
María Elena Bottazzi,Honduras,Salud,Científica
María Eugenia Escobedo,México,Automotriz,BMW
María Fernanda Mejía,EEUU,Alimentos y Bebidas,Newell Brands
María Julia Bearzi,Argentina,Consultoría,Endeavor Argentina
María Lorena Gutiérrez,Colombia,Finanzas,Corficolombiana
María Maribel Dos Santos,México,Tecnología,Oracle
María Olivia Recart,Chile,Minería,Aceros del Pacífico (CAP)
María Teresa Arnal,México,Fintech,Stripe
María Tettamanti,Argentina,Energía,Camuzzi Gas Pampeana y Camuzzi Gas del Sur
María del Rosario Paz Gutiérrez,Bolivia,Salud,Farmacorp - Grupo Gutiérrez
Matías Muchnick,Chile,Alimentos,Notco
Mauricio Ramos,Colombia,Telecomunicaciones,Millicom
Mayra González,México,Automotriz,Nissan
Melanie Devlyn,México,Comercio,Grupo Devlyn
Michael Healy,Nicaragua,Agronegocios,COSEP
Michelle Ferrari,México,Activista,Women Economic Forum
Miguel Cortés,Colombia,Finanzas,Grupo Bolívar
Miguel Fernández,México,Comercio,Tupperware
Miguel Galuccio,Argentina,Energía,Vista
Miguel Mauricio Facussé,Honduras,Alimentos y Bebidas,Corporación Dinant
Miguel McCallister y José Calderón,Colombia,Comercio,Merqueo
Miguel Rincón Arredondo,México,Industria Forestal y Papel,Bio Pappel
Milton Maluhy Filho,Brasil,Finanzas,Itaú Unibanco
Miriam Cosío y Adolfo Babatz,México,Fintech,Clip
Monique Evelle,Brasil,Fintech,Nubank
Monique Oliveira,Brasil,Foodtech,Movile/iFood
Murilo Ribeiro de Castro Parada,Brasil,Agronegocios,Louis Dreyfus Company
Mónica Aspe,México,Telecomunicaciones,AT&T
Mónica Flores,México,Recursos Humanos,Manpower
Mónica Michel,México,Alimentos y bebidas,Diageo
Mónica Taher,El Salvador,Criptoactivos,Gobierno
Nancy Duarte,Venezuela,Alimentos,Ron Santa Teresa
Nathalia Arcuri,Brasil,Medios y Entretenimiento,Me Poupe
Nathália Rodrigues,Brasil,Medios y Entretenimiento,Nath Finanças
Neca Setubal,Brasil,CSO,Fundação Tide Setubal
Neymar,Brasil,Deportes,Paris St. Germain
Nicole Reich,México,Finanzas,BNP Paribas
Nicolás Caputo,Argentina,Holding,Grupo Caputo
Nicolás Jodal,Uruguay,Tecnología,GeneXus
Nina Silva,Brasil,Finanzas,Movimento Black Money
Nur Cristiani,México,Finanzas,JPMorgan PB
Octavio de Lazari Jr,Brasil,Finanzas,Bradesco
Olegario Vázquez Aldir,México,Holding,Grupo Empresarial Ángeles
Olimpia Coral Melo Cruz,México,Activista,Ley Olimpia
Olímpio Matarazzo Netto,Brasil,Finanzas,Pátria Investimentos
Ophelia Pastrana,México,OSC,Activista
Orlando Bravo,Puerto Rico,Inversionista,Thoma Bravo Co
Orlando Dovat,Uruguay,Servicios,Zonamerica
Pablo Ceriani,Argentina,Transporte,Aerolíneas Argentinas
Pablo Di Si,Argentina,Automotriz,Volkswagen
Pablo Iuliano,Argentina,Energía,YPF
Pablo Legorreta,México,Inversionista,Royalty Pharma
Pablo Vargas,Costa Rica,Alimentos y Bebidas,Britt
Paolo Rocca,Argentina,Energía y metales,Techint
Patrícia Chacon,Brasil,Finanzas,Liberty Seguros
Paula Altavilla,Argentina,Energía,Schneider Electric
Paula Santilli,Argentina,Alimentos y Bebidas,PepsiCo
Paulo Sousa,Brasil,Agronegocios,Cargill Brasil
Paz Austin,México,Lobby,Consejo Mexicano Vitivinícola
Pedro Alcântara Rego de Lima,Brasil,Alimentos y Bebidas,3Corações
Pedro Heilbron,Panamá,Aerolíneas,Copa Airlines
Pedro Moreira Salles,Brasil,Finanzas,Itaú Unibanco
Pedro Thompson,Brasil,Salud,Alliar
Pedro Zemel,Brasil,Comercio,Centauro
Pedro de Garay,México,Finanzas,GBM
Pedro de Godoy Bueno,Brasil,Salud,Grupo Dasa
Pierpaolo Barbieri,Argentina,Fintech,Ualá
Preto Zezé,Brasil,CSO,Cufa
Rachel Maia,Brasil,Consultoría,RM Consulting
Rafael Steinhauser,Brasil,Finanzas,Alpha Capital
Ramón Laguarta,EEUU,Alimentos y Bebidas,PepsiCo
Ramón Mendiola,Costa Rica,Alimentos y Bebidas,FIFCO
Rayssa “Fadinha” Leal,Brasil,Deportes,Skater
Raúl Alemán,Panamá,Finanzas,Banco General
Regina Ferreira,Brasil,Medios y Entretenimiento,Hutu Casting
Reinaldo Rabelo,Brasil,Fintech,Mercado Bitcoin
Renato Ejnisman,Brasil,Finanzas,Bradesco
Ricardo Amper,México,Tecnología,Incode
Ricardo Faria,Brasil,Agronegocios,Granja Faria
Ricardo Martin Bringas,México,Comercio,Soriana
Ricardo Poma,El Salvador,Holding diversificado,Grupo Poma
Ricardo Ramos,Chile,Minería,SQM
Ricardo Rodríguez,Venezuela,Energía,Shell Argentina
Ricardo Salinas Pliego,México,Holding,Grupo Salinas
Ricardo Villadiego,Colombia,Tecnología,Lumu
Ricardo Weder,México,E-Commerce,Jüsto
Ricaurte Vásquez,Panamá,Navíos y Puertos,Canal de Panamá
Rita Lobo,Brasil,Medios y Entretenimiento,Panelinha
Roberto Fulcherberguer,Brasil,Comercio,Via
Roberto Jatahy,Brasil,Comercio,Grupo Soma
Roberto Kriete,El Salvador,Aviación,Avianca
Roberto Monteiro,Brasil,Petróleo y Gas,PetroRio
Roberto Nobile,Argentina,Telecomunicaciones,Telecom Argentina
Roberto Sallouti,Brasil,Finanzas,BTG Pactual
Roberto Setubal,Brasil,Finanzas,Itaú Unibanco
Roberto Valério,Brasil,Educación,Cogna
Rogelio Zambrano Lozano,México,Construcción,Cemex
Ronald Wright Durán Ballén,Ecuador,Comercio,Corporación Favorita
Rosana Negrini,Argentina,Minería y Metales,Agrometal
Rosario Bazán,Perú,Agro,DanPer
Rosángela Guerra,México,Automotriz,"Ford Puerto Rico, Centroamérica y el Caribe"
Roy Benchimol,Brasil,Farmacéutica,Janssen
Rubens Menin,Brasil,Bienes Raices,MRV
Rubens Ometto,Brasil,Energía y Transporte,Cosan
Salua García Fakih,Colombia,Servicios de Recursos Humanos,Symplifica
Samuel Dyer Coriat,Perú,Holding,Grupo Dyer
Santiago Salem Kronfle,Ecuador,Agro,Industrial Pesquera Santa Priscila
Sarah Cartes,Paraguay,Holding,Grupo Cartes
Saúl ‘Canelo’ Álvarez,México,"Deportes, Inversionista",SSA Capitales y Upper by Canelo
Sebastián Noguera y Brynne McNulty Rojas,Colombia,Proptech,Habi
Sergio Díaz-Granados,Colombia,Finanzas,CAF
Sergio Fogel,Uruguay,Tecnología,dLocal
Sergio Martínez,Colombia,Salud,Keralty
Sergio Méndez,México,Inversionista,BlackRock México
Sergio Rial,Brasil,Finanzas,Santander
Sergio Rincón,Colombia,Alimentos,Bavaria
Sergio Zimerman,Brasil,Comercio,Petz
Sergio de Andrade,Brasil,Minería y Metales,Usiminas
Sergio ‘Checo’ Pérez,México,Deportes,Piloto F1
Sergio ‘Kun’ Agüero,Argentina,Entretenimiento,KRÜ Esports
Silvia Dávila,México,Alimentos y bebidas,Danone Latam
Silvia Penna,Brasil,Tecnología,Uber
"Simón Borrero, Felipe Villamarín y Sebastián Mejía",Colombia,Comercio y Tecnología,Rappi
Stanley Heckadon,Panamá,Servicio Público,Instituto Smithsonian de Investigaciones Tropicales (STRI)
Stanley Motta,Panamá,Finanzas,Motta Internacional
Stéphane Maquaire,Brasil,Comercio,Carrefour Brasil
Suelma Rosa,Brasil,Alimentos y Bebidas,Unilever
Susan Segal,EEUU,OSC,AS/COA
Sylvia Varela,México,Salud,AstraZeneca Latam
Tania Ortiz Mena,México,Energía,Sempra Infraestructura
Taís Araújo,Brasil,Medios y Entretenimiento,HotMamma
Tereza Santos,Brasil,Hospitalidad,Sympla
Thiago Hering,Brasil,Comercio,Hering
Thiago Maffra,Brasil,Finanzas,XP
Thiaguinho,Brasil,Medios y Entretenimiento,Insurtech Azos e Paz & Bem
Tijana Jankovic,Brasil,Tecnología,Rappi Brasil
Tini Stoessel,Argentina,Medios y Entretenimiento,Varios
Tite,Brasil,Deportes,Selección Brasileña
Tânia Cosentino,Brasil,Tecnología,Microsoft
Vanessa Serrano Cuevas,México,Navíos y puertos,Grupo TMM
Verónica Marcelo,Argentina,Cosméticos,Natura
Verónica Pérez,México,Industria química,Dow Latam
Vicente Fenoll,México,Fintech,Kubo Financiero
Vicente Zavarce,Venezuela,Tecnología,Yummy
Vicky Safra,Brasil,Finanzas,Safra
Vinicius José Paixão de Oliveira Júnior,Brasil,Deportes,Real Madrid
Virgilio Martínez y Pía León,Perú,Hospitalidad,Central Restaurante
Viveka Kaitila,Brasil,Manufactura,GE
Vânia Nogueira de Alcântara Machado,Brasil,Farmacéutica,EDP
Wilson Ferreira Jr.,Brasil,Energía,Eletrobras
Ximena Behoteguy,Bolivia,Finanzas,Grupo CONFIE HOLDING
Xiomara Castro,Honduras,Servicio Público,Presidenta de la República
